age,sex,bmi,children,smoker,charges,Sex_n,smoker_n
19,female,27.9,0,yes,16884.924,0,0
18,male,33.77,1,no,1725.5523,1,1
28,male,33.0,3,no,4449.462,1,1
33,male,22.705,0,no,21984.47061,1,1
32,male,28.88,0,no,3866.8552,1,1
31,female,25.74,0,no,3756.6216,0,1
46,female,33.44,1,no,8240.5896,0,1
37,female,27.74,3,no,7281.5056,0,1
37,male,29.83,2,no,6406.4107,1,1
60,female,25.84,0,no,28923.13692,0,1
25,male,26.22,0,no,2721.3208,1,1
62,female,26.29,0,yes,27808.7251,0,0
23,male,34.4,0,no,1826.843,1,1
56,female,39.82,0,no,11090.7178,0,1
27,male,42.13,0,yes,39611.7577,1,0
19,male,24.6,1,no,1837.237,1,1
52,female,30.78,1,no,10797.3362,0,1
23,male,23.845,0,no,2395.17155,1,1
56,male,40.3,0,no,10602.385,1,1
30,male,35.3,0,yes,36837.467,1,0
60,female,36.005,0,no,13228.84695,0,1
30,female,32.4,1,no,4149.736,0,1
18,male,34.1,0,no,1137.011,1,1
34,female,31.92,1,yes,37701.8768,0,0
37,male,28.025,2,no,6203.90175,1,1
59,female,27.72,3,no,14001.1338,0,1
63,female,23.085,0,no,14451.83515,0,1
55,female,32.775,2,no,12268.63225,0,1
23,male,17.385,1,no,2775.19215,1,1
31,male,36.3,2,yes,38711.0,1,0
22,male,35.6,0,yes,35585.576,1,0
18,female,26.315,0,no,2198.18985,0,1
19,female,28.6,5,no,4687.797,0,1
63,male,28.31,0,no,13770.0979,1,1
28,male,36.4,1,yes,51194.55914,1,0
19,male,20.425,0,no,1625.43375,1,1
62,female,32.965,3,no,15612.19335,0,1
26,male,20.8,0,no,2302.3,1,1
35,male,36.67,1,yes,39774.2763,1,0
60,male,39.9,0,yes,48173.361,1,0
24,female,26.6,0,no,3046.062,0,1
31,female,36.63,2,no,4949.7587,0,1
41,male,21.78,1,no,6272.4772,1,1
37,female,30.8,2,no,6313.759,0,1
38,male,37.05,1,no,6079.6715,1,1
55,male,37.3,0,no,20630.28351,1,1
18,female,38.665,2,no,3393.35635,0,1
28,female,34.77,0,no,3556.9223,0,1
60,female,24.53,0,no,12629.8967,0,1
36,male,35.2,1,yes,38709.176,1,0
18,female,35.625,0,no,2211.13075,0,1
21,female,33.63,2,no,3579.8287,0,1
48,male,28.0,1,yes,23568.272,1,0
36,male,34.43,0,yes,37742.5757,1,0
40,female,28.69,3,no,8059.6791,0,1
58,male,36.955,2,yes,47496.49445,1,0
58,female,31.825,2,no,13607.36875,0,1
18,male,31.68,2,yes,34303.1672,1,0
53,female,22.88,1,yes,23244.7902,0,0
34,female,37.335,2,no,5989.52365,0,1
43,male,27.36,3,no,8606.2174,1,1
25,male,33.66,4,no,4504.6624,1,1
64,male,24.7,1,no,30166.61817,1,1
28,female,25.935,1,no,4133.64165,0,1
20,female,22.42,0,yes,14711.7438,0,0
19,female,28.9,0,no,1743.214,0,1
61,female,39.1,2,no,14235.072,0,1
40,male,26.315,1,no,6389.37785,1,1
40,female,36.19,0,no,5920.1041,0,1
28,male,23.98,3,yes,17663.1442,1,0
27,female,24.75,0,yes,16577.7795,0,0
31,male,28.5,5,no,6799.458,1,1
53,female,28.1,3,no,11741.726,0,1
58,male,32.01,1,no,11946.6259,1,1
44,male,27.4,2,no,7726.854,1,1
57,male,34.01,0,no,11356.6609,1,1
29,female,29.59,1,no,3947.4131,0,1
21,male,35.53,0,no,1532.4697,1,1
22,female,39.805,0,no,2755.02095,0,1
41,female,32.965,0,no,6571.02435,0,1
31,male,26.885,1,no,4441.21315,1,1
45,female,38.285,0,no,7935.29115,0,1
22,male,37.62,1,yes,37165.1638,1,0
48,female,41.23,4,no,11033.6617,0,1
37,female,34.8,2,yes,39836.519,0,0
45,male,22.895,2,yes,21098.55405,1,0
57,female,31.16,0,yes,43578.9394,0,0
56,female,27.2,0,no,11073.176,0,1
46,female,27.74,0,no,8026.6666,0,1
55,female,26.98,0,no,11082.5772,0,1
21,female,39.49,0,no,2026.9741,0,1
53,female,24.795,1,no,10942.13205,0,1
59,male,29.83,3,yes,30184.9367,1,0
35,male,34.77,2,no,5729.0053,1,1
64,female,31.3,2,yes,47291.055,0,0
28,female,37.62,1,no,3766.8838,0,1
54,female,30.8,3,no,12105.32,0,1
55,male,38.28,0,no,10226.2842,1,1
56,male,19.95,0,yes,22412.6485,1,0
38,male,19.3,0,yes,15820.699,1,0
41,female,31.6,0,no,6186.127,0,1
30,male,25.46,0,no,3645.0894,1,1
18,female,30.115,0,no,21344.8467,0,1
61,female,29.92,3,yes,30942.1918,0,0
34,female,27.5,1,no,5003.853,0,1
20,male,28.025,1,yes,17560.37975,1,0
19,female,28.4,1,no,2331.519,0,1
26,male,30.875,2,no,3877.30425,1,1
29,male,27.94,0,no,2867.1196,1,1
63,male,35.09,0,yes,47055.5321,1,0
54,male,33.63,1,no,10825.2537,1,1
55,female,29.7,2,no,11881.358,0,1
37,male,30.8,0,no,4646.759,1,1
21,female,35.72,0,no,2404.7338,0,1
52,male,32.205,3,no,11488.31695,1,1
60,male,28.595,0,no,30259.99556,1,1
58,male,49.06,0,no,11381.3254,1,1
29,female,27.94,1,yes,19107.7796,0,0
49,female,27.17,0,no,8601.3293,0,1
37,female,23.37,2,no,6686.4313,0,1
44,male,37.1,2,no,7740.337,1,1
18,male,23.75,0,no,1705.6245,1,1
20,female,28.975,0,no,2257.47525,0,1
44,male,31.35,1,yes,39556.4945,1,0
47,female,33.915,3,no,10115.00885,0,1
26,female,28.785,0,no,3385.39915,0,1
19,female,28.3,0,yes,17081.08,0,0
52,female,37.4,0,no,9634.538,0,1
32,female,17.765,2,yes,32734.1863,0,0
38,male,34.7,2,no,6082.405,1,1
59,female,26.505,0,no,12815.44495,0,1
61,female,22.04,0,no,13616.3586,0,1
53,female,35.9,2,no,11163.568,0,1
19,male,25.555,0,no,1632.56445,1,1
20,female,28.785,0,no,2457.21115,0,1
22,female,28.05,0,no,2155.6815,0,1
19,male,34.1,0,no,1261.442,1,1
22,male,25.175,0,no,2045.68525,1,1
54,female,31.9,3,no,27322.73386,0,1
22,female,36.0,0,no,2166.732,0,1
34,male,22.42,2,no,27375.90478,1,1
26,male,32.49,1,no,3490.5491,1,1
34,male,25.3,2,yes,18972.495,1,0
29,male,29.735,2,no,18157.876,1,1
30,male,28.69,3,yes,20745.9891,1,0
29,female,38.83,3,no,5138.2567,0,1
46,male,30.495,3,yes,40720.55105,1,0
51,female,37.73,1,no,9877.6077,0,1
53,female,37.43,1,no,10959.6947,0,1
19,male,28.4,1,no,1842.519,1,1
35,male,24.13,1,no,5125.2157,1,1
48,male,29.7,0,no,7789.635,1,1
32,female,37.145,3,no,6334.34355,0,1
42,female,23.37,0,yes,19964.7463,0,0
40,female,25.46,1,no,7077.1894,0,1
44,male,39.52,0,no,6948.7008,1,1
48,male,24.42,0,yes,21223.6758,1,0
18,male,25.175,0,yes,15518.18025,1,0
30,male,35.53,0,yes,36950.2567,1,0
50,female,27.83,3,no,19749.38338,0,1
42,female,26.6,0,yes,21348.706,0,0
18,female,36.85,0,yes,36149.4835,0,0
54,male,39.6,1,no,10450.552,1,1
32,female,29.8,2,no,5152.134,0,1
37,male,29.64,0,no,5028.1466,1,1
47,male,28.215,4,no,10407.08585,1,1
20,female,37.0,5,no,4830.63,0,1
32,female,33.155,3,no,6128.79745,0,1
19,female,31.825,1,no,2719.27975,0,1
27,male,18.905,3,no,4827.90495,1,1
63,male,41.47,0,no,13405.3903,1,1
49,male,30.3,0,no,8116.68,1,1
18,male,15.96,0,no,1694.7964,1,1
35,female,34.8,1,no,5246.047,0,1
24,female,33.345,0,no,2855.43755,0,1
63,female,37.7,0,yes,48824.45,0,0
38,male,27.835,2,no,6455.86265,1,1
54,male,29.2,1,no,10436.096,1,1
46,female,28.9,2,no,8823.279,0,1
41,female,33.155,3,no,8538.28845,0,1
58,male,28.595,0,no,11735.87905,1,1
18,female,38.28,0,no,1631.8212,0,1
22,male,19.95,3,no,4005.4225,1,1
44,female,26.41,0,no,7419.4779,0,1
44,male,30.69,2,no,7731.4271,1,1
36,male,41.895,3,yes,43753.33705,1,0
26,female,29.92,2,no,3981.9768,0,1
30,female,30.9,3,no,5325.651,0,1
41,female,32.2,1,no,6775.961,0,1
29,female,32.11,2,no,4922.9159,0,1
61,male,31.57,0,no,12557.6053,1,1
36,female,26.2,0,no,4883.866,0,1
25,male,25.74,0,no,2137.6536,1,1
56,female,26.6,1,no,12044.342,0,1
18,male,34.43,0,no,1137.4697,1,1
19,male,30.59,0,no,1639.5631,1,1
39,female,32.8,0,no,5649.715,0,1
45,female,28.6,2,no,8516.829,0,1
51,female,18.05,0,no,9644.2525,0,1
64,female,39.33,0,no,14901.5167,0,1
19,female,32.11,0,no,2130.6759,0,1
48,female,32.23,1,no,8871.1517,0,1
60,female,24.035,0,no,13012.20865,0,1
27,female,36.08,0,yes,37133.8982,0,0
46,male,22.3,0,no,7147.105,1,1
28,female,28.88,1,no,4337.7352,0,1
59,male,26.4,0,no,11743.299,1,1
35,male,27.74,2,yes,20984.0936,1,0
63,female,31.8,0,no,13880.949,0,1
40,male,41.23,1,no,6610.1097,1,1
20,male,33.0,1,no,1980.07,1,1
40,male,30.875,4,no,8162.71625,1,1
24,male,28.5,2,no,3537.703,1,1
34,female,26.73,1,no,5002.7827,0,1
45,female,30.9,2,no,8520.026,0,1
41,female,37.1,2,no,7371.772,0,1
53,female,26.6,0,no,10355.641,0,1
27,male,23.1,0,no,2483.736,1,1
26,female,29.92,1,no,3392.9768,0,1
24,female,23.21,0,no,25081.76784,0,1
34,female,33.7,1,no,5012.471,0,1
53,female,33.25,0,no,10564.8845,0,1
32,male,30.8,3,no,5253.524,1,1
19,male,34.8,0,yes,34779.615,1,0
42,male,24.64,0,yes,19515.5416,1,0
55,male,33.88,3,no,11987.1682,1,1
28,male,38.06,0,no,2689.4954,1,1
58,female,41.91,0,no,24227.33724,0,1
41,female,31.635,1,no,7358.17565,0,1
47,male,25.46,2,no,9225.2564,1,1
42,female,36.195,1,no,7443.64305,0,1
59,female,27.83,3,no,14001.2867,0,1
19,female,17.8,0,no,1727.785,0,1
59,male,27.5,1,no,12333.828,1,1
39,male,24.51,2,no,6710.1919,1,1
40,female,22.22,2,yes,19444.2658,0,0
18,female,26.73,0,no,1615.7667,0,1
31,male,38.39,2,no,4463.2051,1,1
19,male,29.07,0,yes,17352.6803,1,0
44,male,38.06,1,no,7152.6714,1,1
23,female,36.67,2,yes,38511.6283,0,0
33,female,22.135,1,no,5354.07465,0,1
55,female,26.8,1,no,35160.13457,0,1
40,male,35.3,3,no,7196.867,1,1
63,female,27.74,0,yes,29523.1656,0,0
54,male,30.02,0,no,24476.47851,1,1
60,female,38.06,0,no,12648.7034,0,1
24,male,35.86,0,no,1986.9334,1,1
19,male,20.9,1,no,1832.094,1,1
29,male,28.975,1,no,4040.55825,1,1
18,male,17.29,2,yes,12829.4551,1,0
63,female,32.2,2,yes,47305.305,0,0
54,male,34.21,2,yes,44260.7499,1,0
27,male,30.3,3,no,4260.744,1,1
50,male,31.825,0,yes,41097.16175,1,0
55,female,25.365,3,no,13047.33235,0,1
56,male,33.63,0,yes,43921.1837,1,0
38,female,40.15,0,no,5400.9805,0,1
51,male,24.415,4,no,11520.09985,1,1
19,male,31.92,0,yes,33750.2918,1,0
58,female,25.2,0,no,11837.16,0,1
20,female,26.84,1,yes,17085.2676,0,0
52,male,24.32,3,yes,24869.8368,1,0
19,male,36.955,0,yes,36219.40545,1,0
53,female,38.06,3,no,20462.99766,0,1
46,male,42.35,3,yes,46151.1245,1,0
40,male,19.8,1,yes,17179.522,1,0
59,female,32.395,3,no,14590.63205,0,1
45,male,30.2,1,no,7441.053,1,1
49,male,25.84,1,no,9282.4806,1,1
18,male,29.37,1,no,1719.4363,1,1
50,male,34.2,2,yes,42856.838,1,0
41,male,37.05,2,no,7265.7025,1,1
50,male,27.455,1,no,9617.66245,1,1
25,male,27.55,0,no,2523.1695,1,1
47,female,26.6,2,no,9715.841,0,1
19,male,20.615,2,no,2803.69785,1,1
22,female,24.3,0,no,2150.469,0,1
59,male,31.79,2,no,12928.7911,1,1
51,female,21.56,1,no,9855.1314,0,1
40,female,28.12,1,yes,22331.5668,0,0
54,male,40.565,3,yes,48549.17835,1,0
30,male,27.645,1,no,4237.12655,1,1
55,female,32.395,1,no,11879.10405,0,1
52,female,31.2,0,no,9625.92,0,1
46,male,26.62,1,no,7742.1098,1,1
46,female,48.07,2,no,9432.9253,0,1
63,female,26.22,0,no,14256.1928,0,1
59,female,36.765,1,yes,47896.79135,0,0
52,male,26.4,3,no,25992.82104,1,1
28,female,33.4,0,no,3172.018,0,1
29,male,29.64,1,no,20277.80751,1,1
25,male,45.54,2,yes,42112.2356,1,0
22,female,28.82,0,no,2156.7518,0,1
25,male,26.8,3,no,3906.127,1,1
18,male,22.99,0,no,1704.5681,1,1
19,male,27.7,0,yes,16297.846,1,0
47,male,25.41,1,yes,21978.6769,1,0
31,male,34.39,3,yes,38746.3551,1,0
48,female,28.88,1,no,9249.4952,0,1
36,male,27.55,3,no,6746.7425,1,1
53,female,22.61,3,yes,24873.3849,0,0
56,female,37.51,2,no,12265.5069,0,1
28,female,33.0,2,no,4349.462,0,1
57,female,38.0,2,no,12646.207,0,1
29,male,33.345,2,no,19442.3535,1,1
28,female,27.5,2,no,20177.67113,0,1
30,female,33.33,1,no,4151.0287,0,1
58,male,34.865,0,no,11944.59435,1,1
41,female,33.06,2,no,7749.1564,0,1
50,male,26.6,0,no,8444.474,1,1
19,female,24.7,0,no,1737.376,0,1
43,male,35.97,3,yes,42124.5153,1,0
49,male,35.86,0,no,8124.4084,1,1
27,female,31.4,0,yes,34838.873,0,0
52,male,33.25,0,no,9722.7695,1,1
50,male,32.205,0,no,8835.26495,1,1
54,male,32.775,0,no,10435.06525,1,1
44,female,27.645,0,no,7421.19455,0,1
32,male,37.335,1,no,4667.60765,1,1
34,male,25.27,1,no,4894.7533,1,1
26,female,29.64,4,no,24671.66334,0,1
34,male,30.8,0,yes,35491.64,1,0
57,male,40.945,0,no,11566.30055,1,1
29,male,27.2,0,no,2866.091,1,1
40,male,34.105,1,no,6600.20595,1,1
27,female,23.21,1,no,3561.8889,0,1
45,male,36.48,2,yes,42760.5022,1,0
64,female,33.8,1,yes,47928.03,0,0
52,male,36.7,0,no,9144.565,1,1
61,female,36.385,1,yes,48517.56315,0,0
52,male,27.36,0,yes,24393.6224,1,0
61,female,31.16,0,no,13429.0354,0,1
56,female,28.785,0,no,11658.37915,0,1
43,female,35.72,2,no,19144.57652,0,1
64,male,34.5,0,no,13822.803,1,1
60,male,25.74,0,no,12142.5786,1,1
62,male,27.55,1,no,13937.6665,1,1
50,male,32.3,1,yes,41919.097,1,0
46,female,27.72,1,no,8232.6388,0,1
24,female,27.6,0,no,18955.22017,0,1
62,male,30.02,0,no,13352.0998,1,1
60,female,27.55,0,no,13217.0945,0,1
63,male,36.765,0,no,13981.85035,1,1
49,female,41.47,4,no,10977.2063,0,1
34,female,29.26,3,no,6184.2994,0,1
33,male,35.75,2,no,4889.9995,1,1
46,male,33.345,1,no,8334.45755,1,1
36,female,29.92,1,no,5478.0368,0,1
19,male,27.835,0,no,1635.73365,1,1
57,female,23.18,0,no,11830.6072,0,1
50,female,25.6,0,no,8932.084,0,1
30,female,27.7,0,no,3554.203,0,1
33,male,35.245,0,no,12404.8791,1,1
18,female,38.28,0,no,14133.03775,0,1
46,male,27.6,0,no,24603.04837,1,1
46,male,43.89,3,no,8944.1151,1,1
47,male,29.83,3,no,9620.3307,1,1
23,male,41.91,0,no,1837.2819,1,1
18,female,20.79,0,no,1607.5101,0,1
48,female,32.3,2,no,10043.249,0,1
35,male,30.5,1,no,4751.07,1,1
19,female,21.7,0,yes,13844.506,0,0
21,female,26.4,1,no,2597.779,0,1
21,female,21.89,2,no,3180.5101,0,1
49,female,30.78,1,no,9778.3472,0,1
56,female,32.3,3,no,13430.265,0,1
42,female,24.985,2,no,8017.06115,0,1
44,male,32.015,2,no,8116.26885,1,1
18,male,30.4,3,no,3481.868,1,1
61,female,21.09,0,no,13415.0381,0,1
57,female,22.23,0,no,12029.2867,0,1
42,female,33.155,1,no,7639.41745,0,1
26,male,32.9,2,yes,36085.219,1,0
20,male,33.33,0,no,1391.5287,1,1
23,female,28.31,0,yes,18033.9679,0,0
39,female,24.89,3,yes,21659.9301,0,0
24,male,40.15,0,yes,38126.2465,1,0
64,female,30.115,3,no,16455.70785,0,1
62,male,31.46,1,no,27000.98473,1,1
27,female,17.955,2,yes,15006.57945,0,0
55,male,30.685,0,yes,42303.69215,1,0
55,male,33.0,0,no,20781.48892,1,1
35,female,43.34,2,no,5846.9176,0,1
44,male,22.135,2,no,8302.53565,1,1
19,male,34.4,0,no,1261.859,1,1
58,female,39.05,0,no,11856.4115,0,1
50,male,25.365,2,no,30284.64294,1,1
26,female,22.61,0,no,3176.8159,0,1
24,female,30.21,3,no,4618.0799,0,1
48,male,35.625,4,no,10736.87075,1,1
19,female,37.43,0,no,2138.0707,0,1
48,male,31.445,1,no,8964.06055,1,1
49,male,31.35,1,no,9290.1395,1,1
46,female,32.3,2,no,9411.005,0,1
46,male,19.855,0,no,7526.70645,1,1
43,female,34.4,3,no,8522.003,0,1
21,male,31.02,0,no,16586.49771,1,1
64,male,25.6,2,no,14988.432,1,1
18,female,38.17,0,no,1631.6683,0,1
51,female,20.6,0,no,9264.797,0,1
47,male,47.52,1,no,8083.9198,1,1
64,female,32.965,0,no,14692.66935,0,1
49,male,32.3,3,no,10269.46,1,1
31,male,20.4,0,no,3260.199,1,1
52,female,38.38,2,no,11396.9002,0,1
33,female,24.31,0,no,4185.0979,0,1
47,female,23.6,1,no,8539.671,0,1
38,male,21.12,3,no,6652.5288,1,1
32,male,30.03,1,no,4074.4537,1,1
19,male,17.48,0,no,1621.3402,1,1
44,female,20.235,1,yes,19594.80965,0,0
26,female,17.195,2,yes,14455.64405,0,0
25,male,23.9,5,no,5080.096,1,1
19,female,35.15,0,no,2134.9015,0,1
43,female,35.64,1,no,7345.7266,0,1
52,male,34.1,0,no,9140.951,1,1
36,female,22.6,2,yes,18608.262,0,0
64,male,39.16,1,no,14418.2804,1,1
63,female,26.98,0,yes,28950.4692,0,0
64,male,33.88,0,yes,46889.2612,1,0
61,male,35.86,0,yes,46599.1084,1,0
40,male,32.775,1,yes,39125.33225,1,0
25,male,30.59,0,no,2727.3951,1,1
48,male,30.2,2,no,8968.33,1,1
45,male,24.31,5,no,9788.8659,1,1
38,female,27.265,1,no,6555.07035,0,1
18,female,29.165,0,no,7323.734819,0,1
21,female,16.815,1,no,3167.45585,0,1
27,female,30.4,3,no,18804.7524,0,1
19,male,33.1,0,no,23082.95533,1,1
29,female,20.235,2,no,4906.40965,0,1
42,male,26.9,0,no,5969.723,1,1
60,female,30.5,0,no,12638.195,0,1
31,male,28.595,1,no,4243.59005,1,1
60,male,33.11,3,no,13919.8229,1,1
22,male,31.73,0,no,2254.7967,1,1
35,male,28.9,3,no,5926.846,1,1
52,female,46.75,5,no,12592.5345,0,1
26,male,29.45,0,no,2897.3235,1,1
31,female,32.68,1,no,4738.2682,0,1
33,female,33.5,0,yes,37079.372,0,0
18,male,43.01,0,no,1149.3959,1,1
59,female,36.52,1,no,28287.89766,0,1
56,male,26.695,1,yes,26109.32905,1,0
45,female,33.1,0,no,7345.084,0,1
60,male,29.64,0,no,12730.9996,1,1
56,female,25.65,0,no,11454.0215,0,1
40,female,29.6,0,no,5910.944,0,1
35,male,38.6,1,no,4762.329,1,1
39,male,29.6,4,no,7512.267,1,1
30,male,24.13,1,no,4032.2407,1,1
24,male,23.4,0,no,1969.614,1,1
20,male,29.735,0,no,1769.53165,1,1
32,male,46.53,2,no,4686.3887,1,1
59,male,37.4,0,no,21797.0004,1,1
55,female,30.14,2,no,11881.9696,0,1
57,female,30.495,0,no,11840.77505,0,1
56,male,39.6,0,no,10601.412,1,1
40,female,33.0,3,no,7682.67,0,1
49,female,36.63,3,no,10381.4787,0,1
42,male,30.0,0,yes,22144.032,1,0
62,female,38.095,2,no,15230.32405,0,1
56,male,25.935,0,no,11165.41765,1,1
19,male,25.175,0,no,1632.03625,1,1
30,female,28.38,1,yes,19521.9682,0,0
60,female,28.7,1,no,13224.693,0,1
56,female,33.82,2,no,12643.3778,0,1
28,female,24.32,1,no,23288.9284,0,1
18,female,24.09,1,no,2201.0971,0,1
27,male,32.67,0,no,2497.0383,1,1
18,female,30.115,0,no,2203.47185,0,1
19,female,29.8,0,no,1744.465,0,1
47,female,33.345,0,no,20878.78443,0,1
54,male,25.1,3,yes,25382.297,1,0
61,male,28.31,1,yes,28868.6639,1,0
24,male,28.5,0,yes,35147.52848,1,0
25,male,35.625,0,no,2534.39375,1,1
21,male,36.85,0,no,1534.3045,1,1
23,male,32.56,0,no,1824.2854,1,1
63,male,41.325,3,no,15555.18875,1,1
49,male,37.51,2,no,9304.7019,1,1
18,female,31.35,0,no,1622.1885,0,1
51,female,39.5,1,no,9880.068,0,1
48,male,34.3,3,no,9563.029,1,1
31,female,31.065,0,no,4347.02335,0,1
54,female,21.47,3,no,12475.3513,0,1
19,male,28.7,0,no,1253.936,1,1
44,female,38.06,0,yes,48885.13561,0,0
53,male,31.16,1,no,10461.9794,1,1
19,female,32.9,0,no,1748.774,0,1
61,female,25.08,0,no,24513.09126,0,1
18,female,25.08,0,no,2196.4732,0,1
61,male,43.4,0,no,12574.049,1,1
21,male,25.7,4,yes,17942.106,1,0
20,male,27.93,0,no,1967.0227,1,1
31,female,23.6,2,no,4931.647,0,1
45,male,28.7,2,no,8027.968,1,1
44,female,23.98,2,no,8211.1002,0,1
62,female,39.2,0,no,13470.86,0,1
29,male,34.4,0,yes,36197.699,1,0
43,male,26.03,0,no,6837.3687,1,1
51,male,23.21,1,yes,22218.1149,1,0
19,male,30.25,0,yes,32548.3405,1,0
38,female,28.93,1,no,5974.3847,0,1
37,male,30.875,3,no,6796.86325,1,1
22,male,31.35,1,no,2643.2685,1,1
21,male,23.75,2,no,3077.0955,1,1
24,female,25.27,0,no,3044.2133,0,1
57,female,28.7,0,no,11455.28,0,1
56,male,32.11,1,no,11763.0009,1,1
27,male,33.66,0,no,2498.4144,1,1
51,male,22.42,0,no,9361.3268,1,1
19,male,30.4,0,no,1256.299,1,1
39,male,28.3,1,yes,21082.16,1,0
58,male,35.7,0,no,11362.755,1,1
20,male,35.31,1,no,27724.28875,1,1
45,male,30.495,2,no,8413.46305,1,1
35,female,31.0,1,no,5240.765,0,1
31,male,30.875,0,no,3857.75925,1,1
50,female,27.36,0,no,25656.57526,0,1
32,female,44.22,0,no,3994.1778,0,1
51,female,33.915,0,no,9866.30485,0,1
38,female,37.73,0,no,5397.6167,0,1
42,male,26.07,1,yes,38245.59327,1,0
18,female,33.88,0,no,11482.63485,0,1
19,female,30.59,2,no,24059.68019,0,1
51,female,25.8,1,no,9861.025,0,1
46,male,39.425,1,no,8342.90875,1,1
18,male,25.46,0,no,1708.0014,1,1
57,male,42.13,1,yes,48675.5177,1,0
62,female,31.73,0,no,14043.4767,0,1
59,male,29.7,2,no,12925.886,1,1
37,male,36.19,0,no,19214.70553,1,1
64,male,40.48,0,no,13831.1152,1,1
38,male,28.025,1,no,6067.12675,1,1
33,female,38.9,3,no,5972.378,0,1
46,female,30.2,2,no,8825.086,0,1
46,female,28.05,1,no,8233.0975,0,1
53,male,31.35,0,no,27346.04207,1,1
34,female,38.0,3,no,6196.448,0,1
20,female,31.79,2,no,3056.3881,0,1
63,female,36.3,0,no,13887.204,0,1
54,female,47.41,0,yes,63770.42801,0,0
54,male,30.21,0,no,10231.4999,1,1
49,male,25.84,2,yes,23807.2406,1,0
28,male,35.435,0,no,3268.84665,1,1
54,female,46.7,2,no,11538.421,0,1
25,female,28.595,0,no,3213.62205,0,1
43,female,46.2,0,yes,45863.205,0,0
63,male,30.8,0,no,13390.559,1,1
32,female,28.93,0,no,3972.9247,0,1
62,male,21.4,0,no,12957.118,1,1
52,female,31.73,2,no,11187.6567,0,1
25,female,41.325,0,no,17878.90068,0,1
28,male,23.8,2,no,3847.674,1,1
46,male,33.44,1,no,8334.5896,1,1
34,male,34.21,0,no,3935.1799,1,1
35,female,34.105,3,yes,39983.42595,0,0
19,male,35.53,0,no,1646.4297,1,1
46,female,19.95,2,no,9193.8385,0,1
54,female,32.68,0,no,10923.9332,0,1
27,male,30.5,0,no,2494.022,1,1
50,male,44.77,1,no,9058.7303,1,1
18,female,32.12,2,no,2801.2588,0,1
19,female,30.495,0,no,2128.43105,0,1
38,female,40.565,1,no,6373.55735,0,1
41,male,30.59,2,no,7256.7231,1,1
49,female,31.9,5,no,11552.904,0,1
48,male,40.565,2,yes,45702.02235,1,0
31,female,29.1,0,no,3761.292,0,1
18,female,37.29,1,no,2219.4451,0,1
30,female,43.12,2,no,4753.6368,0,1
62,female,36.86,1,no,31620.00106,0,1
57,female,34.295,2,no,13224.05705,0,1
58,female,27.17,0,no,12222.8983,0,1
22,male,26.84,0,no,1664.9996,1,1
31,female,38.095,1,yes,58571.07448,0,0
52,male,30.2,1,no,9724.53,1,1
25,female,23.465,0,no,3206.49135,0,1
59,male,25.46,1,no,12913.9924,1,1
19,male,30.59,0,no,1639.5631,1,1
39,male,45.43,2,no,6356.2707,1,1
32,female,23.65,1,no,17626.23951,0,1
19,male,20.7,0,no,1242.816,1,1
33,female,28.27,1,no,4779.6023,0,1
21,male,20.235,3,no,3861.20965,1,1
34,female,30.21,1,yes,43943.8761,0,0
61,female,35.91,0,no,13635.6379,0,1
38,female,30.69,1,no,5976.8311,0,1
58,female,29.0,0,no,11842.442,0,1
47,male,19.57,1,no,8428.0693,1,1
20,male,31.13,2,no,2566.4707,1,1
21,female,21.85,1,yes,15359.1045,0,0
41,male,40.26,0,no,5709.1644,1,1
46,female,33.725,1,no,8823.98575,0,1
42,female,29.48,2,no,7640.3092,0,1
34,female,33.25,1,no,5594.8455,0,1
43,male,32.6,2,no,7441.501,1,1
52,female,37.525,2,no,33471.97189,0,1
18,female,39.16,0,no,1633.0444,0,1
51,male,31.635,0,no,9174.13565,1,1
56,female,25.3,0,no,11070.535,0,1
64,female,39.05,3,no,16085.1275,0,1
19,female,28.31,0,yes,17468.9839,0,0
51,female,34.1,0,no,9283.562,0,1
27,female,25.175,0,no,3558.62025,0,1
59,female,23.655,0,yes,25678.77845,0,0
28,male,26.98,2,no,4435.0942,1,1
30,male,37.8,2,yes,39241.442,1,0
47,female,29.37,1,no,8547.6913,0,1
38,female,34.8,2,no,6571.544,0,1
18,female,33.155,0,no,2207.69745,0,1
34,female,19.0,3,no,6753.038,0,1
20,female,33.0,0,no,1880.07,0,1
47,female,36.63,1,yes,42969.8527,0,0
56,female,28.595,0,no,11658.11505,0,1
49,male,25.6,2,yes,23306.547,1,0
19,female,33.11,0,yes,34439.8559,0,0
55,female,37.1,0,no,10713.644,0,1
30,male,31.4,1,no,3659.346,1,1
37,male,34.1,4,yes,40182.246,1,0
49,female,21.3,1,no,9182.17,0,1
18,male,33.535,0,yes,34617.84065,1,0
59,male,28.785,0,no,12129.61415,1,1
29,female,26.03,0,no,3736.4647,0,1
36,male,28.88,3,no,6748.5912,1,1
33,male,42.46,1,no,11326.71487,1,1
58,male,38.0,0,no,11365.952,1,1
44,female,38.95,0,yes,42983.4585,0,0
53,male,36.1,1,no,10085.846,1,1
24,male,29.3,0,no,1977.815,1,1
29,female,35.53,0,no,3366.6697,0,1
40,male,22.705,2,no,7173.35995,1,1
51,male,39.7,1,no,9391.346,1,1
64,male,38.19,0,no,14410.9321,1,1
19,female,24.51,1,no,2709.1119,0,1
35,female,38.095,2,no,24915.04626,0,1
39,male,26.41,0,yes,20149.3229,1,0
56,male,33.66,4,no,12949.1554,1,1
33,male,42.4,5,no,6666.243,1,1
42,male,28.31,3,yes,32787.45859,1,0
61,male,33.915,0,no,13143.86485,1,1
23,female,34.96,3,no,4466.6214,0,1
43,male,35.31,2,no,18806.14547,1,1
48,male,30.78,3,no,10141.1362,1,1
39,male,26.22,1,no,6123.5688,1,1
40,female,23.37,3,no,8252.2843,0,1
18,male,28.5,0,no,1712.227,1,1
58,female,32.965,0,no,12430.95335,0,1
49,female,42.68,2,no,9800.8882,0,1
53,female,39.6,1,no,10579.711,0,1
48,female,31.13,0,no,8280.6227,0,1
45,female,36.3,2,no,8527.532,0,1
59,female,35.2,0,no,12244.531,0,1
52,female,25.3,2,yes,24667.419,0,0
26,female,42.4,1,no,3410.324,0,1
27,male,33.155,2,no,4058.71245,1,1
48,female,35.91,1,no,26392.26029,0,1
57,female,28.785,4,no,14394.39815,0,1
37,male,46.53,3,no,6435.6237,1,1
57,female,23.98,1,no,22192.43711,0,1
32,female,31.54,1,no,5148.5526,0,1
18,male,33.66,0,no,1136.3994,1,1
64,female,22.99,0,yes,27037.9141,0,0
43,male,38.06,2,yes,42560.4304,1,0
49,male,28.7,1,no,8703.456,1,1
40,female,32.775,2,yes,40003.33225,0,0
62,male,32.015,0,yes,45710.20785,1,0
40,female,29.81,1,no,6500.2359,0,1
30,male,31.57,3,no,4837.5823,1,1
29,female,31.16,0,no,3943.5954,0,1
36,male,29.7,0,no,4399.731,1,1
41,female,31.02,0,no,6185.3208,0,1
44,female,43.89,2,yes,46200.9851,0,0
45,male,21.375,0,no,7222.78625,1,1
55,female,40.81,3,no,12485.8009,0,1
60,male,31.35,3,yes,46130.5265,1,0
56,male,36.1,3,no,12363.547,1,1
49,female,23.18,2,no,10156.7832,0,1
21,female,17.4,1,no,2585.269,0,1
19,male,20.3,0,no,1242.26,1,1
39,male,35.3,2,yes,40103.89,1,0
53,male,24.32,0,no,9863.4718,1,1
33,female,18.5,1,no,4766.022,0,1
53,male,26.41,2,no,11244.3769,1,1
42,male,26.125,2,no,7729.64575,1,1
40,male,41.69,0,no,5438.7491,1,1
47,female,24.1,1,no,26236.57997,0,1
27,male,31.13,1,yes,34806.4677,1,0
21,male,27.36,0,no,2104.1134,1,1
47,male,36.2,1,no,8068.185,1,1
20,male,32.395,1,no,2362.22905,1,1
24,male,23.655,0,no,2352.96845,1,1
27,female,34.8,1,no,3577.999,0,1
26,female,40.185,0,no,3201.24515,0,1
53,female,32.3,2,no,29186.48236,0,1
41,male,35.75,1,yes,40273.6455,1,0
56,male,33.725,0,no,10976.24575,1,1
23,female,39.27,2,no,3500.6123,0,1
21,female,34.87,0,no,2020.5523,0,1
50,female,44.745,0,no,9541.69555,0,1
53,male,41.47,0,no,9504.3103,1,1
34,female,26.41,1,no,5385.3379,0,1
47,female,29.545,1,no,8930.93455,0,1
33,female,32.9,2,no,5375.038,0,1
51,female,38.06,0,yes,44400.4064,0,0
49,male,28.69,3,no,10264.4421,1,1
31,female,30.495,3,no,6113.23105,0,1
36,female,27.74,0,no,5469.0066,0,1
18,male,35.2,1,no,1727.54,1,1
50,female,23.54,2,no,10107.2206,0,1
43,female,30.685,2,no,8310.83915,0,1
20,male,40.47,0,no,1984.4533,1,1
24,female,22.6,0,no,2457.502,0,1
60,male,28.9,0,no,12146.971,1,1
49,female,22.61,1,no,9566.9909,0,1
60,male,24.32,1,no,13112.6048,1,1
51,female,36.67,2,no,10848.1343,0,1
58,female,33.44,0,no,12231.6136,0,1
51,female,40.66,0,no,9875.6804,0,1
53,male,36.6,3,no,11264.541,1,1
62,male,37.4,0,no,12979.358,1,1
19,male,35.4,0,no,1263.249,1,1
50,female,27.075,1,no,10106.13425,0,1
30,female,39.05,3,yes,40932.4295,0,0
41,male,28.405,1,no,6664.68595,1,1
29,female,21.755,1,yes,16657.71745,0,0
18,female,40.28,0,no,2217.6012,0,1
41,female,36.08,1,no,6781.3542,0,1
35,male,24.42,3,yes,19361.9988,1,0
53,male,21.4,1,no,10065.413,1,1
24,female,30.1,3,no,4234.927,0,1
48,female,27.265,1,no,9447.25035,0,1
59,female,32.1,3,no,14007.222,0,1
49,female,34.77,1,no,9583.8933,0,1
37,female,38.39,0,yes,40419.0191,0,0
26,male,23.7,2,no,3484.331,1,1
23,male,31.73,3,yes,36189.1017,1,0
29,male,35.5,2,yes,44585.45587,1,0
45,male,24.035,2,no,8604.48365,1,1
27,male,29.15,0,yes,18246.4955,1,0
53,male,34.105,0,yes,43254.41795,1,0
31,female,26.62,0,no,3757.8448,0,1
50,male,26.41,0,no,8827.2099,1,1
50,female,30.115,1,no,9910.35985,0,1
34,male,27.0,2,no,11737.84884,1,1
19,male,21.755,0,no,1627.28245,1,1
47,female,36.0,1,no,8556.907,0,1
28,male,30.875,0,no,3062.50825,1,1
37,female,26.4,0,yes,19539.243,0,0
21,male,28.975,0,no,1906.35825,1,1
64,male,37.905,0,no,14210.53595,1,1
58,female,22.77,0,no,11833.7823,0,1
24,male,33.63,4,no,17128.42608,1,1
31,male,27.645,2,no,5031.26955,1,1
39,female,22.8,3,no,7985.815,0,1
47,female,27.83,0,yes,23065.4207,0,0
30,male,37.43,3,no,5428.7277,1,1
18,male,38.17,0,yes,36307.7983,1,0
22,female,34.58,2,no,3925.7582,0,1
23,male,35.2,1,no,2416.955,1,1
33,male,27.1,1,yes,19040.876,1,0
27,male,26.03,0,no,3070.8087,1,1
45,female,25.175,2,no,9095.06825,0,1
57,female,31.825,0,no,11842.62375,0,1
47,male,32.3,1,no,8062.764,1,1
42,female,29.0,1,no,7050.642,0,1
64,female,39.7,0,no,14319.031,0,1
38,female,19.475,2,no,6933.24225,0,1
61,male,36.1,3,no,27941.28758,1,1
53,female,26.7,2,no,11150.78,0,1
44,female,36.48,0,no,12797.20962,0,1
19,female,28.88,0,yes,17748.5062,0,0
41,male,34.2,2,no,7261.741,1,1
51,male,33.33,3,no,10560.4917,1,1
40,male,32.3,2,no,6986.697,1,1
45,male,39.805,0,no,7448.40395,1,1
35,male,34.32,3,no,5934.3798,1,1
53,male,28.88,0,no,9869.8102,1,1
30,male,24.4,3,yes,18259.216,1,0
18,male,41.14,0,no,1146.7966,1,1
51,male,35.97,1,no,9386.1613,1,1
50,female,27.6,1,yes,24520.264,0,0
31,female,29.26,1,no,4350.5144,0,1
35,female,27.7,3,no,6414.178,0,1
60,male,36.955,0,no,12741.16745,1,1
21,male,36.86,0,no,1917.3184,1,1
29,male,22.515,3,no,5209.57885,1,1
62,female,29.92,0,no,13457.9608,0,1
39,female,41.8,0,no,5662.225,0,1
19,male,27.6,0,no,1252.407,1,1
22,female,23.18,0,no,2731.9122,0,1
53,male,20.9,0,yes,21195.818,1,0
39,female,31.92,2,no,7209.4918,0,1
27,male,28.5,0,yes,18310.742,1,0
30,male,44.22,2,no,4266.1658,1,1
30,female,22.895,1,no,4719.52405,0,1
58,female,33.1,0,no,11848.141,0,1
33,male,24.795,0,yes,17904.52705,1,0
42,female,26.18,1,no,7046.7222,0,1
64,female,35.97,0,no,14313.8463,0,1
21,male,22.3,1,no,2103.08,1,1
18,female,42.24,0,yes,38792.6856,0,0
23,male,26.51,0,no,1815.8759,1,1
45,female,35.815,0,no,7731.85785,0,1
40,female,41.42,1,no,28476.73499,0,1
19,female,36.575,0,no,2136.88225,0,1
18,male,30.14,0,no,1131.5066,1,1
25,male,25.84,1,no,3309.7926,1,1
46,female,30.8,3,no,9414.92,0,1
33,female,42.94,3,no,6360.9936,0,1
54,male,21.01,2,no,11013.7119,1,1
28,male,22.515,2,no,4428.88785,1,1
36,male,34.43,2,no,5584.3057,1,1
20,female,31.46,0,no,1877.9294,0,1
24,female,24.225,0,no,2842.76075,0,1
23,male,37.1,3,no,3597.596,1,1
47,female,26.125,1,yes,23401.30575,0,0
33,female,35.53,0,yes,55135.40209,0,0
45,male,33.7,1,no,7445.918,1,1
26,male,17.67,0,no,2680.9493,1,1
18,female,31.13,0,no,1621.8827,0,1
44,female,29.81,2,no,8219.2039,0,1
60,male,24.32,0,no,12523.6048,1,1
64,female,31.825,2,no,16069.08475,0,1
56,male,31.79,2,yes,43813.8661,1,0
36,male,28.025,1,yes,20773.62775,1,0
41,male,30.78,3,yes,39597.4072,1,0
39,male,21.85,1,no,6117.4945,1,1
63,male,33.1,0,no,13393.756,1,1
36,female,25.84,0,no,5266.3656,0,1
28,female,23.845,2,no,4719.73655,0,1
58,male,34.39,0,no,11743.9341,1,1
36,male,33.82,1,no,5377.4578,1,1
42,male,35.97,2,no,7160.3303,1,1
36,male,31.5,0,no,4402.233,1,1
56,female,28.31,0,no,11657.7189,0,1
35,female,23.465,2,no,6402.29135,0,1
59,female,31.35,0,no,12622.1795,0,1
21,male,31.1,0,no,1526.312,1,1
59,male,24.7,0,no,12323.936,1,1
23,female,32.78,2,yes,36021.0112,0,0
57,female,29.81,0,yes,27533.9129,0,0
53,male,30.495,0,no,10072.05505,1,1
60,female,32.45,0,yes,45008.9555,0,0
51,female,34.2,1,no,9872.701,0,1
23,male,50.38,1,no,2438.0552,1,1
27,female,24.1,0,no,2974.126,0,1
55,male,32.775,0,no,10601.63225,1,1
37,female,30.78,0,yes,37270.1512,0,0
61,male,32.3,2,no,14119.62,1,1
46,female,35.53,0,yes,42111.6647,0,0
53,female,23.75,2,no,11729.6795,0,1
49,female,23.845,3,yes,24106.91255,0,0
20,female,29.6,0,no,1875.344,0,1
48,female,33.11,0,yes,40974.1649,0,0
25,male,24.13,0,yes,15817.9857,1,0
25,female,32.23,1,no,18218.16139,0,1
57,male,28.1,0,no,10965.446,1,1
37,female,47.6,2,yes,46113.511,0,0
38,female,28.0,3,no,7151.092,0,1
55,female,33.535,2,no,12269.68865,0,1
36,female,19.855,0,no,5458.04645,0,1
51,male,25.4,0,no,8782.469,1,1
40,male,29.9,2,no,6600.361,1,1
18,male,37.29,0,no,1141.4451,1,1
57,male,43.7,1,no,11576.13,1,1
61,male,23.655,0,no,13129.60345,1,1
25,female,24.3,3,no,4391.652,0,1
50,male,36.2,0,no,8457.818,1,1
26,female,29.48,1,no,3392.3652,0,1
42,male,24.86,0,no,5966.8874,1,1
43,male,30.1,1,no,6849.026,1,1
44,male,21.85,3,no,8891.1395,1,1
23,female,28.12,0,no,2690.1138,0,1
49,female,27.1,1,no,26140.3603,0,1
33,male,33.44,5,no,6653.7886,1,1
41,male,28.8,1,no,6282.235,1,1
37,female,29.5,2,no,6311.952,0,1
22,male,34.8,3,no,3443.064,1,1
23,male,27.36,1,no,2789.0574,1,1
21,female,22.135,0,no,2585.85065,0,1
51,female,37.05,3,yes,46255.1125,0,0
25,male,26.695,4,no,4877.98105,1,1
32,male,28.93,1,yes,19719.6947,1,0
57,male,28.975,0,yes,27218.43725,1,0
36,female,30.02,0,no,5272.1758,0,1
22,male,39.5,0,no,1682.597,1,1
57,male,33.63,1,no,11945.1327,1,1
64,female,26.885,0,yes,29330.98315,0,0
36,female,29.04,4,no,7243.8136,0,1
54,male,24.035,0,no,10422.91665,1,1
47,male,38.94,2,yes,44202.6536,1,0
62,male,32.11,0,no,13555.0049,1,1
61,female,44.0,0,no,13063.883,0,1
43,female,20.045,2,yes,19798.05455,0,0
19,male,25.555,1,no,2221.56445,1,1
18,female,40.26,0,no,1634.5734,0,1
19,female,22.515,0,no,2117.33885,0,1
49,male,22.515,0,no,8688.85885,1,1
60,male,40.92,0,yes,48673.5588,1,0
26,male,27.265,3,no,4661.28635,1,1
49,male,36.85,0,no,8125.7845,1,1
60,female,35.1,0,no,12644.589,0,1
26,female,29.355,2,no,4564.19145,0,1
27,male,32.585,3,no,4846.92015,1,1
44,female,32.34,1,no,7633.7206,0,1
63,male,39.8,3,no,15170.069,1,1
32,female,24.6,0,yes,17496.306,0,0
22,male,28.31,1,no,2639.0429,1,1
18,male,31.73,0,yes,33732.6867,1,0
59,female,26.695,3,no,14382.70905,0,1
44,female,27.5,1,no,7626.993,0,1
33,male,24.605,2,no,5257.50795,1,1
24,female,33.99,0,no,2473.3341,0,1
43,female,26.885,0,yes,21774.32215,0,0
45,male,22.895,0,yes,35069.37452,1,0
61,female,28.2,0,no,13041.921,0,1
35,female,34.21,1,no,5245.2269,0,1
62,female,25.0,0,no,13451.122,0,1
62,female,33.2,0,no,13462.52,0,1
38,male,31.0,1,no,5488.262,1,1
34,male,35.815,0,no,4320.41085,1,1
43,male,23.2,0,no,6250.435,1,1
50,male,32.11,2,no,25333.33284,1,1
19,female,23.4,2,no,2913.569,0,1
57,female,20.1,1,no,12032.326,0,1
62,female,39.16,0,no,13470.8044,0,1
41,male,34.21,1,no,6289.7549,1,1
26,male,46.53,1,no,2927.0647,1,1
39,female,32.5,1,no,6238.298,0,1
46,male,25.8,5,no,10096.97,1,1
45,female,35.3,0,no,7348.142,0,1
32,male,37.18,2,no,4673.3922,1,1
59,female,27.5,0,no,12233.828,0,1
44,male,29.735,2,no,32108.66282,1,1
39,female,24.225,5,no,8965.79575,0,1
18,male,26.18,2,no,2304.0022,1,1
53,male,29.48,0,no,9487.6442,1,1
18,male,23.21,0,no,1121.8739,1,1
50,female,46.09,1,no,9549.5651,0,1
18,female,40.185,0,no,2217.46915,0,1
19,male,22.61,0,no,1628.4709,1,1
62,male,39.93,0,no,12982.8747,1,1
56,female,35.8,1,no,11674.13,0,1
42,male,35.8,2,no,7160.094,1,1
37,male,34.2,1,yes,39047.285,1,0
42,male,31.255,0,no,6358.77645,1,1
25,male,29.7,3,yes,19933.458,1,0
57,male,18.335,0,no,11534.87265,1,1
51,male,42.9,2,yes,47462.894,1,0
30,female,28.405,1,no,4527.18295,0,1
44,male,30.2,2,yes,38998.546,1,0
34,male,27.835,1,yes,20009.63365,1,0
31,male,39.49,1,no,3875.7341,1,1
54,male,30.8,1,yes,41999.52,1,0
24,male,26.79,1,no,12609.88702,1,1
43,male,34.96,1,yes,41034.2214,1,0
48,male,36.67,1,no,28468.91901,1,1
19,female,39.615,1,no,2730.10785,0,1
29,female,25.9,0,no,3353.284,0,1
63,female,35.2,1,no,14474.675,0,1
46,male,24.795,3,no,9500.57305,1,1
52,male,36.765,2,no,26467.09737,1,1
35,male,27.1,1,no,4746.344,1,1
51,male,24.795,2,yes,23967.38305,1,0
44,male,25.365,1,no,7518.02535,1,1
21,male,25.745,2,no,3279.86855,1,1
39,female,34.32,5,no,8596.8278,0,1
50,female,28.16,3,no,10702.6424,0,1
34,female,23.56,0,no,4992.3764,0,1
22,female,20.235,0,no,2527.81865,0,1
19,female,40.5,0,no,1759.338,0,1
26,male,35.42,0,no,2322.6218,1,1
29,male,22.895,0,yes,16138.76205,1,0
48,male,40.15,0,no,7804.1605,1,1
26,male,29.15,1,no,2902.9065,1,1
45,female,39.995,3,no,9704.66805,0,1
36,female,29.92,0,no,4889.0368,0,1
54,male,25.46,1,no,25517.11363,1,1
34,male,21.375,0,no,4500.33925,1,1
31,male,25.9,3,yes,19199.944,1,0
27,female,30.59,1,no,16796.41194,0,1
20,male,30.115,5,no,4915.05985,1,1
44,female,25.8,1,no,7624.63,0,1
43,male,30.115,3,no,8410.04685,1,1
45,female,27.645,1,no,28340.18885,0,1
34,male,34.675,0,no,4518.82625,1,1
24,female,20.52,0,yes,14571.8908,0,0
26,female,19.8,1,no,3378.91,0,1
38,female,27.835,2,no,7144.86265,0,1
50,female,31.6,2,no,10118.424,0,1
38,male,28.27,1,no,5484.4673,1,1
27,female,20.045,3,yes,16420.49455,0,0
39,female,23.275,3,no,7986.47525,0,1
39,female,34.1,3,no,7418.522,0,1
63,female,36.85,0,no,13887.9685,0,1
33,female,36.29,3,no,6551.7501,0,1
36,female,26.885,0,no,5267.81815,0,1
30,male,22.99,2,yes,17361.7661,1,0
24,male,32.7,0,yes,34472.841,1,0
24,male,25.8,0,no,1972.95,1,1
48,male,29.6,0,no,21232.18226,1,1
47,male,19.19,1,no,8627.5411,1,1
29,male,31.73,2,no,4433.3877,1,1
28,male,29.26,2,no,4438.2634,1,1
47,male,28.215,3,yes,24915.22085,1,0
25,male,24.985,2,no,23241.47453,1,1
51,male,27.74,1,no,9957.7216,1,1
48,female,22.8,0,no,8269.044,0,1
43,male,20.13,2,yes,18767.7377,1,0
61,female,33.33,4,no,36580.28216,0,1
48,male,32.3,1,no,8765.249,1,1
38,female,27.6,0,no,5383.536,0,1
59,male,25.46,0,no,12124.9924,1,1
19,female,24.605,1,no,2709.24395,0,1
26,female,34.2,2,no,3987.926,0,1
54,female,35.815,3,no,12495.29085,0,1
21,female,32.68,2,no,26018.95052,0,1
51,male,37.0,0,no,8798.593,1,1
22,female,31.02,3,yes,35595.5898,0,0
47,male,36.08,1,yes,42211.1382,1,0
18,male,23.32,1,no,1711.0268,1,1
47,female,45.32,1,no,8569.8618,0,1
21,female,34.6,0,no,2020.177,0,1
19,male,26.03,1,yes,16450.8947,1,0
23,male,18.715,0,no,21595.38229,1,1
54,male,31.6,0,no,9850.432,1,1
37,female,17.29,2,no,6877.9801,0,1
46,female,23.655,1,yes,21677.28345,0,0
55,female,35.2,0,yes,44423.803,0,0
30,female,27.93,0,no,4137.5227,0,1
18,male,21.565,0,yes,13747.87235,1,0
61,male,38.38,0,no,12950.0712,1,1
54,female,23.0,3,no,12094.478,0,1
22,male,37.07,2,yes,37484.4493,1,0
45,female,30.495,1,yes,39725.51805,0,0
22,male,28.88,0,no,2250.8352,1,1
19,male,27.265,2,no,22493.65964,1,1
35,female,28.025,0,yes,20234.85475,0,0
18,male,23.085,0,no,1704.70015,1,1
20,male,30.685,0,yes,33475.81715,1,0
28,female,25.8,0,no,3161.454,0,1
55,male,35.245,1,no,11394.06555,1,1
43,female,24.7,2,yes,21880.82,0,0
43,female,25.08,0,no,7325.0482,0,1
22,male,52.58,1,yes,44501.3982,1,0
25,female,22.515,1,no,3594.17085,0,1
49,male,30.9,0,yes,39727.614,1,0
44,female,36.955,1,no,8023.13545,0,1
64,male,26.41,0,no,14394.5579,1,1
49,male,29.83,1,no,9288.0267,1,1
47,male,29.8,3,yes,25309.489,1,0
27,female,21.47,0,no,3353.4703,0,1
55,male,27.645,0,no,10594.50155,1,1
48,female,28.9,0,no,8277.523,0,1
45,female,31.79,0,no,17929.30337,0,1
24,female,39.49,0,no,2480.9791,0,1
32,male,33.82,1,no,4462.7218,1,1
24,male,32.01,0,no,1981.5819,1,1
57,male,27.94,1,no,11554.2236,1,1
59,male,41.14,1,yes,48970.2476,1,0
36,male,28.595,3,no,6548.19505,1,1
29,female,25.6,4,no,5708.867,0,1
42,female,25.3,1,no,7045.499,0,1
48,male,37.29,2,no,8978.1851,1,1
39,male,42.655,0,no,5757.41345,1,1
63,male,21.66,1,no,14349.8544,1,1
54,female,31.9,1,no,10928.849,0,1
37,male,37.07,1,yes,39871.7043,1,0
63,male,31.445,0,no,13974.45555,1,1
21,male,31.255,0,no,1909.52745,1,1
54,female,28.88,2,no,12096.6512,0,1
60,female,18.335,0,no,13204.28565,0,1
32,female,29.59,1,no,4562.8421,0,1
47,female,32.0,1,no,8551.347,0,1
21,male,26.03,0,no,2102.2647,1,1
28,male,31.68,0,yes,34672.1472,1,0
63,male,33.66,3,no,15161.5344,1,1
18,male,21.78,2,no,11884.04858,1,1
32,male,27.835,1,no,4454.40265,1,1
38,male,19.95,1,no,5855.9025,1,1
32,male,31.5,1,no,4076.497,1,1
62,female,30.495,2,no,15019.76005,0,1
39,female,18.3,5,yes,19023.26,0,0
55,male,28.975,0,no,10796.35025,1,1
57,male,31.54,0,no,11353.2276,1,1
52,male,47.74,1,no,9748.9106,1,1
56,male,22.1,0,no,10577.087,1,1
47,male,36.19,0,yes,41676.0811,1,0
55,female,29.83,0,no,11286.5387,0,1
23,male,32.7,3,no,3591.48,1,1
22,female,30.4,0,yes,33907.548,0,0
50,female,33.7,4,no,11299.343,0,1
18,female,31.35,4,no,4561.1885,0,1
51,female,34.96,2,yes,44641.1974,0,0
22,male,33.77,0,no,1674.6323,1,1
52,female,30.875,0,no,23045.56616,0,1
25,female,33.99,1,no,3227.1211,0,1
33,female,19.095,2,yes,16776.30405,0,0
53,male,28.6,3,no,11253.421,1,1
29,male,38.94,1,no,3471.4096,1,1
58,male,36.08,0,no,11363.2832,1,1
37,male,29.8,0,no,20420.60465,1,1
54,female,31.24,0,no,10338.9316,0,1
49,female,29.925,0,no,8988.15875,0,1
50,female,26.22,2,no,10493.9458,0,1
26,male,30.0,1,no,2904.088,1,1
45,male,20.35,3,no,8605.3615,1,1
54,female,32.3,1,no,11512.405,0,1
38,male,38.39,3,yes,41949.2441,1,0
48,female,25.85,3,yes,24180.9335,0,0
28,female,26.315,3,no,5312.16985,0,1
23,male,24.51,0,no,2396.0959,1,1
55,male,32.67,1,no,10807.4863,1,1
41,male,29.64,5,no,9222.4026,1,1
25,male,33.33,2,yes,36124.5737,1,0
33,male,35.75,1,yes,38282.7495,1,0
30,female,19.95,3,no,5693.4305,0,1
23,female,31.4,0,yes,34166.273,0,0
46,male,38.17,2,no,8347.1643,1,1
53,female,36.86,3,yes,46661.4424,0,0
27,female,32.395,1,no,18903.49141,0,1
23,female,42.75,1,yes,40904.1995,0,0
63,female,25.08,0,no,14254.6082,0,1
55,male,29.9,0,no,10214.636,1,1
35,female,35.86,2,no,5836.5204,0,1
34,male,32.8,1,no,14358.36437,1,1
19,female,18.6,0,no,1728.897,0,1
39,female,23.87,5,no,8582.3023,0,1
27,male,45.9,2,no,3693.428,1,1
57,male,40.28,0,no,20709.02034,1,1
52,female,18.335,0,no,9991.03765,0,1
28,male,33.82,0,no,19673.33573,1,1
50,female,28.12,3,no,11085.5868,0,1
44,female,25.0,1,no,7623.518,0,1
26,female,22.23,0,no,3176.2877,0,1
33,male,30.25,0,no,3704.3545,1,1
19,female,32.49,0,yes,36898.73308,0,0
50,male,37.07,1,no,9048.0273,1,1
41,female,32.6,3,no,7954.517,0,1
52,female,24.86,0,no,27117.99378,0,1
39,male,32.34,2,no,6338.0756,1,1
50,male,32.3,2,no,9630.397,1,1
52,male,32.775,3,no,11289.10925,1,1
60,male,32.8,0,yes,52590.82939,1,0
20,female,31.92,0,no,2261.5688,0,1
55,male,21.5,1,no,10791.96,1,1
42,male,34.1,0,no,5979.731,1,1
18,female,30.305,0,no,2203.73595,0,1
58,female,36.48,0,no,12235.8392,0,1
43,female,32.56,3,yes,40941.2854,0,0
35,female,35.815,1,no,5630.45785,0,1
48,female,27.93,4,no,11015.1747,0,1
36,female,22.135,3,no,7228.21565,0,1
19,male,44.88,0,yes,39722.7462,1,0
23,female,23.18,2,no,14426.07385,0,1
20,female,30.59,0,no,2459.7201,0,1
32,female,41.1,0,no,3989.841,0,1
43,female,34.58,1,no,7727.2532,0,1
34,male,42.13,2,no,5124.1887,1,1
30,male,38.83,1,no,18963.17192,1,1
18,female,28.215,0,no,2200.83085,0,1
41,female,28.31,1,no,7153.5539,0,1
35,female,26.125,0,no,5227.98875,0,1
57,male,40.37,0,no,10982.5013,1,1
29,female,24.6,2,no,4529.477,0,1
32,male,35.2,2,no,4670.64,1,1
37,female,34.105,1,no,6112.35295,0,1
18,male,27.36,1,yes,17178.6824,1,0
43,female,26.7,2,yes,22478.6,0,0
56,female,41.91,0,no,11093.6229,0,1
38,male,29.26,2,no,6457.8434,1,1
29,male,32.11,2,no,4433.9159,1,1
22,female,27.1,0,no,2154.361,0,1
52,female,24.13,1,yes,23887.6627,0,0
40,female,27.4,1,no,6496.886,0,1
23,female,34.865,0,no,2899.48935,0,1
31,male,29.81,0,yes,19350.3689,1,0
42,female,41.325,1,no,7650.77375,0,1
24,female,29.925,0,no,2850.68375,0,1
25,female,30.3,0,no,2632.992,0,1
48,female,27.36,1,no,9447.3824,0,1
23,female,28.49,1,yes,18328.2381,0,0
45,male,23.56,2,no,8603.8234,1,1
20,male,35.625,3,yes,37465.34375,1,0
62,female,32.68,0,no,13844.7972,0,1
43,female,25.27,1,yes,21771.3423,0,0
23,female,28.0,0,no,13126.67745,0,1
31,female,32.775,2,no,5327.40025,0,1
41,female,21.755,1,no,13725.47184,0,1
58,female,32.395,1,no,13019.16105,0,1
48,female,36.575,0,no,8671.19125,0,1
31,female,21.755,0,no,4134.08245,0,1
19,female,27.93,3,no,18838.70366,0,1
19,female,30.02,0,yes,33307.5508,0,0
41,male,33.55,0,no,5699.8375,1,1
40,male,29.355,1,no,6393.60345,1,1
31,female,25.8,2,no,4934.705,0,1
37,male,24.32,2,no,6198.7518,1,1
46,male,40.375,2,no,8733.22925,1,1
22,male,32.11,0,no,2055.3249,1,1
51,male,32.3,1,no,9964.06,1,1
18,female,27.28,3,yes,18223.4512,0,0
35,male,17.86,1,no,5116.5004,1,1
59,female,34.8,2,no,36910.60803,0,1
36,male,33.4,2,yes,38415.474,1,0
37,female,25.555,1,yes,20296.86345,0,0
59,male,37.1,1,no,12347.172,1,1
36,male,30.875,1,no,5373.36425,1,1
39,male,34.1,2,no,23563.01618,1,1
18,male,21.47,0,no,1702.4553,1,1
52,female,33.3,2,no,10806.839,0,1
27,female,31.255,1,no,3956.07145,0,1
18,male,39.14,0,no,12890.05765,1,1
40,male,25.08,0,no,5415.6612,1,1
29,male,37.29,2,no,4058.1161,1,1
46,female,34.6,1,yes,41661.602,0,0
38,female,30.21,3,no,7537.1639,0,1
30,female,21.945,1,no,4718.20355,0,1
40,male,24.97,2,no,6593.5083,1,1
50,male,25.3,0,no,8442.667,1,1
20,female,24.42,0,yes,26125.67477,0,0
41,male,23.94,1,no,6858.4796,1,1
33,female,39.82,1,no,4795.6568,0,1
38,male,16.815,2,no,6640.54485,1,1
42,male,37.18,2,no,7162.0122,1,1
56,male,34.43,0,no,10594.2257,1,1
58,male,30.305,0,no,11938.25595,1,1
52,male,34.485,3,yes,60021.39897,1,0
20,female,21.8,0,yes,20167.33603,0,0
54,female,24.605,3,no,12479.70895,0,1
58,male,23.3,0,no,11345.519,1,1
45,female,27.83,2,no,8515.7587,0,1
26,male,31.065,0,no,2699.56835,1,1
63,female,21.66,0,no,14449.8544,0,1
58,female,28.215,0,no,12224.35085,0,1
37,male,22.705,3,no,6985.50695,1,1
25,female,42.13,1,no,3238.4357,0,1
52,male,41.8,2,yes,47269.854,1,0
64,male,36.96,2,yes,49577.6624,1,0
22,female,21.28,3,no,4296.2712,0,1
28,female,33.11,0,no,3171.6149,0,1
18,male,33.33,0,no,1135.9407,1,1
28,male,24.3,5,no,5615.369,1,1
45,female,25.7,3,no,9101.798,0,1
33,male,29.4,4,no,6059.173,1,1
18,female,39.82,0,no,1633.9618,0,1
32,male,33.63,1,yes,37607.5277,1,0
24,male,29.83,0,yes,18648.4217,1,0
19,male,19.8,0,no,1241.565,1,1
20,male,27.3,0,yes,16232.847,1,0
40,female,29.3,4,no,15828.82173,0,1
34,female,27.72,0,no,4415.1588,0,1
42,female,37.9,0,no,6474.013,0,1
51,female,36.385,3,no,11436.73815,0,1
54,female,27.645,1,no,11305.93455,0,1
55,male,37.715,3,no,30063.58055,1,1
52,female,23.18,0,no,10197.7722,0,1
32,female,20.52,0,no,4544.2348,0,1
28,male,37.1,1,no,3277.161,1,1
41,female,28.05,1,no,6770.1925,0,1
43,female,29.9,1,no,7337.748,0,1
49,female,33.345,2,no,10370.91255,0,1
64,male,23.76,0,yes,26926.5144,1,0
55,female,30.5,0,no,10704.47,0,1
24,male,31.065,0,yes,34254.05335,1,0
20,female,33.3,0,no,1880.487,0,1
45,male,27.5,3,no,8615.3,1,1
26,male,33.915,1,no,3292.52985,1,1
25,female,34.485,0,no,3021.80915,0,1
43,male,25.52,5,no,14478.33015,1,1
35,male,27.61,1,no,4747.0529,1,1
26,male,27.06,0,yes,17043.3414,1,0
57,male,23.7,0,no,10959.33,1,1
22,female,30.4,0,no,2741.948,0,1
32,female,29.735,0,no,4357.04365,0,1
39,male,29.925,1,yes,22462.04375,1,0
25,female,26.79,2,no,4189.1131,0,1
48,female,33.33,0,no,8283.6807,0,1
47,female,27.645,2,yes,24535.69855,0,0
18,female,21.66,0,yes,14283.4594,0,0
18,male,30.03,1,no,1720.3537,1,1
61,male,36.3,1,yes,47403.88,1,0
47,female,24.32,0,no,8534.6718,0,1
28,female,17.29,0,no,3732.6251,0,1
36,female,25.9,1,no,5472.449,0,1
20,male,39.4,2,yes,38344.566,1,0
44,male,34.32,1,no,7147.4728,1,1
38,female,19.95,2,no,7133.9025,0,1
19,male,34.9,0,yes,34828.654,1,0
21,male,23.21,0,no,1515.3449,1,1
46,male,25.745,3,no,9301.89355,1,1
58,male,25.175,0,no,11931.12525,1,1
20,male,22.0,1,no,1964.78,1,1
18,male,26.125,0,no,1708.92575,1,1
28,female,26.51,2,no,4340.4409,0,1
33,male,27.455,2,no,5261.46945,1,1
19,female,25.745,1,no,2710.82855,0,1
45,male,30.36,0,yes,62592.87309,1,0
62,male,30.875,3,yes,46718.16325,1,0
25,female,20.8,1,no,3208.787,0,1
43,male,27.8,0,yes,37829.7242,1,0
42,male,24.605,2,yes,21259.37795,1,0
24,female,27.72,0,no,2464.6188,0,1
29,female,21.85,0,yes,16115.3045,0,0
32,male,28.12,4,yes,21472.4788,1,0
25,female,30.2,0,yes,33900.653,0,0
41,male,32.2,2,no,6875.961,1,1
42,male,26.315,1,no,6940.90985,1,1
33,female,26.695,0,no,4571.41305,0,1
34,male,42.9,1,no,4536.259,1,1
19,female,34.7,2,yes,36397.576,0,0
30,female,23.655,3,yes,18765.87545,0,0
18,male,28.31,1,no,11272.33139,1,1
19,female,20.6,0,no,1731.677,0,1
18,male,53.13,0,no,1163.4627,1,1
35,male,39.71,4,no,19496.71917,1,1
39,female,26.315,2,no,7201.70085,0,1
31,male,31.065,3,no,5425.02335,1,1
62,male,26.695,0,yes,28101.33305,1,0
62,male,38.83,0,no,12981.3457,1,1
42,female,40.37,2,yes,43896.3763,0,0
31,male,25.935,1,no,4239.89265,1,1
61,male,33.535,0,no,13143.33665,1,1
42,female,32.87,0,no,7050.0213,0,1
51,male,30.03,1,no,9377.9047,1,1
23,female,24.225,2,no,22395.74424,0,1
52,male,38.6,2,no,10325.206,1,1
57,female,25.74,2,no,12629.1656,0,1
23,female,33.4,0,no,10795.93733,0,1
52,female,44.7,3,no,11411.685,0,1
50,male,30.97,3,no,10600.5483,1,1
18,female,31.92,0,no,2205.9808,0,1
18,female,36.85,0,no,1629.8335,0,1
21,female,25.8,0,no,2007.945,0,1
61,female,29.07,0,yes,29141.3603,0,0
